                  epoch,         train/box_loss,         train/cls_loss,         train/dfl_loss,   metrics/precision(B),      metrics/recall(B),       metrics/mAP50(B),    metrics/mAP50-95(B),           val/box_loss,           val/cls_loss,           val/dfl_loss,                 lr/pg0,                 lr/pg1,                 lr/pg2
                      1,                 1.0609,                  3.391,                 1.3451,                0.50235,                0.19695,                0.26032,                0.17774,                 1.1615,                 3.0394,                 1.4342,             0.00016491,             0.00016491,             0.00016491
                      2,                0.98733,                 2.1541,                 1.2871,                0.38646,                0.47758,                0.43929,                 0.2806,                 1.1744,                 2.0066,                 1.4613,             0.00022216,             0.00022216,             0.00022216
                      3,                0.91621,                 1.6952,                 1.2377,                0.49649,                0.55118,                0.53092,                0.36298,                 1.0567,                 1.7782,                 1.3564,              0.0001694,              0.0001694,              0.0001694
